AB de Villiers|AB de Villiers
Aakash Chopra|Aakash Chopra
Aamer Yamin|Aamer Yamin
Aaron Ayre|Aaron Ayre
Aaron Finch|Aaron Finch
Aaron Hardie|Aaron Hardie
Aaron Heal|Aaron Heal
Aaron O'Brien|Aaron O'Brien
Aaron Phangiso|Aaron Phangiso
Aaron Redmond|Aaron Redmond
Aaron Summers|Aaron Summers
Aavishkar Salvi|Aavishkar Salvi
Abdool Samad|Abdool Samad
Abdul Razzaq|Abdul Razzaq
Abdul Samad|Abdul Samad
Abdullah Shafique|Abdullah Shafique
Abdur Rauf|Abdur Rauf
Abdur Razzak|Abdur Razzak
Abdur Rehman|Abdur Rehman
Abhimanyu Mithun|Abhimanyu Mithun
Abhinav Mukund|Abhinav Mukund
Abhishek Jhunjhunwala|Abhishek Jhunjhunwala
Abhishek Nayar|Abhishek Nayar
Abhishek Raut|Abhishek Raut
Abhishek Sharma|Abhishek Sharma
Abid Ali|Abid Ali
Abrar Kazi|Abrar Kazi
Abu Hider|Abu Hider
Abu Jayed|Abu Jayed
Abu Nechim|Abu Nechim
Abul Hasan|Abul Hasan
Adam Crosthwaite|Adam Crosthwaite
Adam Gilchrist|Adam Gilchrist
Adam Lyth|Adam Lyth
Adam Milne|Adam Milne
Adam Voges|Adam Voges
Adam Zampa|Adam Zampa
Adeel Raja|Adeel Raja
Adil Rashid|Adil Rashid
Aditya Dole|Aditya Dole
Aditya Tare|Aditya Tare
Adnan Akmal|Adnan Akmal
Adrian Barath|Adrian Barath
Afsar Zazai|Afsar Zazai
Aftab Ahmed|Aftab Ahmed
Aftab Alam|Aftab Alam
Afzaal Haider|Afzaal Haider
Ahillen Beadle|Ahillen Beadle
Ahmed Raza|Ahmed Raza
Ahmed Shehzad|Ahmed Shehzad
Ahsan Malik|Ahsan Malik
Aiden Blizzard|Aiden Blizzard
Aiden Markram|Aiden Markram
Aizaz Cheema|Aizaz Cheema
Aizaz Khan|Aizaz Khan
Ajantha Mendis|Ajantha Mendis
Ajaz Patel|Ajaz Patel
Ajinkya Rahane|Ajinkya Rahane
Ajit  Chandila|Ajit  Chandila
Ajit Agarkar|Ajit Agarkar
Ajmal Shahzad|Ajmal Shahzad
Akila Dananjaya|Akila Dananjaya
Akshath Reddy|Akshath Reddy
Akshdeep Nath|Akshdeep Nath
Al-Amin Hossain|Al-Amin Hossain
Alasdair Evans|Alasdair Evans
Albie Morkel|Albie Morkel
Alex Carey|Alex Carey
Alex Cusack|Alex Cusack
Alex Doolan|Alex Doolan
Alex Hales|Alex Hales
Alex Keath|Alex Keath
Alex Obanda|Alex Obanda
Alex Ross|Alex Ross
Alexei Kervezee|Alexei Kervezee
Alfonso Thomas|Alfonso Thomas
Ali Murtaza|Ali Murtaza
Alishan Sharafu|Alishan Sharafu
Alister McDermott|Alister McDermott
Alok Kapali|Alok Kapali
Alviro Petersen|Alviro Petersen
Alzarri Joseph|Alzarri Joseph
Ambati Rayudu|Ambati Rayudu
Amila Aponso|Amila Aponso
Amir Hamza|Amir Hamza
Amir Hayat|Amir Hayat
Amit Mishra|Amit Mishra
Amit Paunikar|Amit Paunikar
Amit Singh|Amit Singh
Amit Uniyal|Amit Uniyal
Amjad Ali|Amjad Ali
Amjad Javed|Amjad Javed
Amjad Khan|Amjad Khan
Anamul Haque|Anamul Haque
Anand Rajan|Anand Rajan
Anaru Kitchen|Anaru Kitchen
Anderson Cummins|Anderson Cummins
Andile Phehlukwayo|Andile Phehlukwayo
Andre Adams|Andre Adams
Andre Botha|Andre Botha
Andre Fletcher|Andre Fletcher
Andre McCarthy|Andre McCarthy
Andre Nel|Andre Nel
Andre Russell|Andre Russell
Andrew Ellis|Andrew Ellis
Andrew Fekete|Andrew Fekete
Andrew Flintoff|Andrew Flintoff
Andrew Hall|Andrew Hall
Andrew Mathieson|Andrew Mathieson
Andrew McDonald|Andrew McDonald
Andrew Poynter|Andrew Poynter
Andrew Robinson|Andrew Robinson
Andrew Symonds|Andrew Symonds
Andrew Tye|Andrew Tye
Andrew White|Andrew White
Andri Berenger|Andri Berenger
Andy Balbirnie|Andy Balbirnie
Andy Blignaut|Andy Blignaut
Andy McBrine|Andy McBrine
Andy McKay|Andy McKay
Angelo Mathews|Angelo Mathews
Angelo Perera|Angelo Perera
Aniket Choudhary|Aniket Choudhary
Anil Kumble|Anil Kumble
Anirudh Singh|Anirudh Singh
Ankeet Chavan|Ankeet Chavan
Ankit Bawne|Ankit Bawne
Ankit Rajpoot|Ankit Rajpoot
Ankit Sharma|Ankit Sharma
Ankit Soni|Ankit Soni
Anrich Nortje|Anrich Nortje
Anshy Rath|Anshy Rath
Anthony Ireland|Anthony Ireland
Anthony Martin|Anthony Martin
Anton Devcich|Anton Devcich
Anukul Roy|Anukul Roy
Anureet Singh|Anureet Singh
Anustup Majumdar|Anustup Majumdar
Anwar Ali|Anwar Ali
Arafat Sunny|Arafat Sunny
Ariful Haque|Ariful Haque
Arindam Ghosh|Arindam Ghosh
Arjun Nair|Arjun Nair
Arjun Yadav|Arjun Yadav
Arshad Khan|Arshad Khan
Arshdeep Singh|Arshdeep Singh
Arun Karthik|Arun Karthik
Asad Ali|Asad Ali
Asad Pathan|Asad Pathan
Asad Shafiq|Asad Shafiq
Asela Gunaratne|Asela Gunaratne
Asghar Afghan|Asghar Afghan
Ashan Priyanjan|Ashan Priyanjan
Ashfaq Ahmed|Ashfaq Ahmed
Ashif Mulla|Ashif Mulla
Ashish Bagai|Ashish Bagai
Ashish Nehra|Ashish Nehra
Ashish Reddy|Ashish Reddy
Ashley Noffke|Ashley Noffke
Ashley Nurse|Ashley Nurse
Ashok Dinda|Ashok Dinda
Ashok Menaria|Ashok Menaria
Ashton Agar|Ashton Agar
Ashton Turner|Ashton Turner
Ashwell Prince|Ashwell Prince
Asif Ali|Asif Ali
Assad Fudadin|Assad Fudadin
Avesh Khan|Avesh Khan
Avishka Fernando|Avishka Fernando
Avishka Gunawardene|Avishka Gunawardene
Awais Zia|Awais Zia
Axar Patel|Axar Patel
Azhar Ali|Azhar Ali
Azhar Bilakhia|Azhar Bilakhia
Azhar Mahmood|Azhar Mahmood
BJ Watling|BJ Watling
Babar Azam|Babar Azam
Babar Hayat|Babar Hayat
Balachandra Akhil|Balachandra Akhil
Balaji Rao|Balaji Rao
Barinder Sran|Barinder Sran
Barry McCarthy|Barry McCarthy
Bas Zuiderent|Bas Zuiderent
Basil Thampi|Basil Thampi
Baxter J Holt|Baxter J Holt
Beau Webster|Beau Webster
Ben Cooper|Ben Cooper
Ben Cutting|Ben Cutting
Ben Duckett|Ben Duckett
Ben Dunk|Ben Dunk
Ben Dwarshuis|Ben Dwarshuis
Ben Edmondson|Ben Edmondson
Ben Foakes|Ben Foakes
Ben Hilfenhaus|Ben Hilfenhaus
Ben Laughlin|Ben Laughlin
Ben McDermott|Ben McDermott
Ben Oakley|Ben Oakley
Ben Rohrer|Ben Rohrer
Ben Stokes|Ben Stokes
Ben Wheeler|Ben Wheeler
Benjamin Manenti|Benjamin Manenti
Benny Howell|Benny Howell
Berend Westdijk|Berend Westdijk
Bernard Loots|Bernard Loots
Beuran Hendricks|Beuran Hendricks
Bhanuka Rajapaksa|Bhanuka Rajapaksa
Bharat Chipli|Bharat Chipli
Bhargav Bhatt|Bhargav Bhatt
Bhuvneshwar Kumar|Bhuvneshwar Kumar
Bilal Asif|Bilal Asif
Bilawal Bhatti|Bilawal Bhatti
Billy Stanlake|Billy Stanlake
Billy Stelling|Billy Stelling
Biplab Samantray|Biplab Samantray
Bipul Sharma|Bipul Sharma
Bjorn Fortuin|Bjorn Fortuin
Blair Tickner|Blair Tickner
Blake Dean|Blake Dean
Blessing Mahwire|Blessing Mahwire
Blessing Muzarabani|Blessing Muzarabani
Bodapati Sumanth|Bodapati Sumanth
Boeta Dippenaar|Boeta Dippenaar
Boyd Rankin|Boyd Rankin
Brad Haddin|Brad Haddin
Brad Hodge|Brad Hodge
Brad Hogg|Brad Hogg
Brad Young|Brad Young
Bradley Kruger|Bradley Kruger
Brandon King|Brandon King
Brandon Mavuta|Brandon Mavuta
Brendan Doggett|Brendan Doggett
Brendan Drew|Brendan Drew
Brendan Nash|Brendan Nash
Brendan Taylor|Brendan Taylor
Brendon Diamanti|Brendon Diamanti
Brendon McCullum|Brendon McCullum
Brent Arnel|Brent Arnel
Brenton McDonald|Brenton McDonald
Brett Geeves|Brett Geeves
Brett Lee|Brett Lee
Brian Chari|Brian Chari
Brian Lara|Brian Lara
Brian Vitori|Brian Vitori
Bruce Martin|Bruce Martin
Bryce McGain|Bryce McGain
Caleb Jewell|Caleb Jewell
Callum Ferguson|Callum Ferguson
Calum MacLeod|Calum MacLeod
Cameron Bancroft|Cameron Bancroft
Cameron Borgas|Cameron Borgas
Cameron Boyce|Cameron Boyce
Cameron Delport|Cameron Delport
Cameron Gannon|Cameron Gannon
Cameron Green|Cameron Green
Cameron Stevenson|Cameron Stevenson
Cameron Valente|Cameron Valente
Cameron White|Cameron White
Carl Sandri|Carl Sandri
Carlos Brathwaite|Carlos Brathwaite
Carlton Baugh|Carlton Baugh
Cephas Zhuwao|Cephas Zhuwao
Chadd Sayers|Chadd Sayers
Chadwick Walton|Chadwick Walton
Chamara Kapugedera|Chamara Kapugedera
Chamara Silva|Chamara Silva
Chaminda Bandara|Chaminda Bandara
Chaminda Vaas|Chaminda Vaas
Chamu Chibhabha|Chamu Chibhabha
Chanaka Welegedara|Chanaka Welegedara
Chandan Madan|Chandan Madan
Chandrapaul Hemraj|Chandrapaul Hemraj
Chandrasekar Ganapathy|Chandrasekar Ganapathy
Charl Langeveldt|Charl Langeveldt
Charles Coventry|Charles Coventry
Chaturanga de Silva|Chaturanga de Silva
Chetanya Nanda|Chetanya Nanda
Cheteshwar Pujara|Cheteshwar Pujara
Chidhambaram Gautam|Chidhambaram Gautam
Chinthaka Jayasinghe|Chinthaka Jayasinghe
Chirag Suri|Chirag Suri
Chris Barnwell|Chris Barnwell
Chris Cairns|Chris Cairns
Chris Gayle|Chris Gayle
Chris Green|Chris Green
Chris Hartley|Chris Hartley
Chris Jordan|Chris Jordan
Chris Lynn|Chris Lynn
Chris Martin|Chris Martin
Chris Morris|Chris Morris
Chris Mpofu|Chris Mpofu
Chris Read|Chris Read
Chris Rogers|Chris Rogers
Chris Sabburg|Chris Sabburg
Chris Simpson|Chris Simpson
Chris Sole|Chris Sole
Chris Swan|Chris Swan
Chris Tremain|Chris Tremain
Chris Tremlett|Chris Tremlett
Chris Woakes|Chris Woakes
Christiaan Jonker|Christiaan Jonker
Christopher Carter|Christopher Carter
Chundangapoyil Rizwan|Chundangapoyil Rizwan
Clay Smith|Clay Smith
Clint Hinchliffe|Clint Hinchliffe
Clint McKay|Clint McKay
Clive Rose|Clive Rose
Colin Ingram|Colin Ingram
Colin Munro|Colin Munro
Colin Smith|Colin Smith
Colin de Grandhomme|Colin de Grandhomme
Collins Obuya|Collins Obuya
Corey Anderson|Corey Anderson
Corey Collymore|Corey Collymore
Courtney Kruger|Courtney Kruger
Craig Cumming|Craig Cumming
Craig Ervine|Craig Ervine
Craig Kieswetter|Craig Kieswetter
Craig McMillan|Craig McMillan
Craig Overton|Craig Overton
Craig Philipson|Craig Philipson
Craig Simmons|Craig Simmons
Craig Wright|Craig Wright
Craig Young|Craig Young
Curtis Campher|Curtis Campher
D'Arcy Short|D'Arcy Short
Daan van Bunge|Daan van Bunge
Dale Richards|Dale Richards
Dale Steyn|Dale Steyn
Damien Martyn|Damien Martyn
Dan Lawrence|Dan Lawrence
Dane Paterson|Dane Paterson
Dane Piedt|Dane Piedt
Dane Vilas|Dane Vilas
Daniel Christian|Daniel Christian
Daniel Fallins|Daniel Fallins
Daniel Flynn|Daniel Flynn
Daniel Harris|Daniel Harris
Daniel Hughes|Daniel Hughes
Daniel Salpietro|Daniel Salpietro
Daniel Sams|Daniel Sams
Daniel Smith|Daniel Smith
Daniel Vettori|Daniel Vettori
Daniel Worrall|Daniel Worrall
Danish Kaneria|Danish Kaneria
Danny Briggs|Danny Briggs
Danushka Gunathilaka|Danushka Gunathilaka
Danza Hyatt|Danza Hyatt
Daren Ganga|Daren Ganga
Daren Powell|Daren Powell
Daren Sammy|Daren Sammy
Darren Bravo|Darren Bravo
Darren Lehmann|Darren Lehmann
Darren Maddy|Darren Maddy
Darren Pattinson|Darren Pattinson
Darron Reekers|Darron Reekers
Daryl Mitchell|Daryl Mitchell
Daryl Tuffey|Daryl Tuffey
Daryn Dupavillon|Daryn Dupavillon
Dasun Shanaka|Dasun Shanaka
Dave Langford-Smith|Dave Langford-Smith
Dave Mohammed|Dave Mohammed
David Bernard|David Bernard
David Hemp|David Hemp
David Hussey|David Hussey
David Miller|David Miller
David Moody|David Moody
David Murphy|David Murphy
David Obuya|David Obuya
David Warner|David Warner
David Wiese|David Wiese
David Willey|David Willey
Davy Jacobs|Davy Jacobs
Dawid Malan|Dawid Malan
Dawlat Ahmadzai|Dawlat Ahmadzai
Dawlat Zadran|Dawlat Zadran
Dean Brownlie|Dean Brownlie
Dean Elgar|Dean Elgar
Dean Minors|Dean Minors
Debabrata Das|Debabrata Das
Deepak Chahar|Deepak Chahar
Deepak Hooda|Deepak Hooda
Deighton Butler|Deighton Butler
Delyone Borden|Delyone Borden
Denesh Ramdin|Denesh Ramdin
Desmond Chumney|Desmond Chumney
Devdutt Padikkal|Devdutt Padikkal
Devendra Bishoo|Devendra Bishoo
Devon Conway|Devon Conway
Devon Smith|Devon Smith
Devon Thomas|Devon Thomas
Devraj Patil|Devraj Patil
Dewald Nel|Dewald Nel
Dhammika Prasad|Dhammika Prasad
Dhananjaya de Silva|Dhananjaya de Silva
Dhawal Kulkarni|Dhawal Kulkarni
Dhiman Ghosh|Dhiman Ghosh
Dhruv Shorey|Dhruv Shorey
Dilbar Hussain|Dilbar Hussain
Dilhara Fernando|Dilhara Fernando
Dilhara Lokuhettige|Dilhara Lokuhettige
Dillon du Preez|Dillon du Preez
Dilruwan Perera|Dilruwan Perera
Dilshan Munaweera|Dilshan Munaweera
Dimitri Mascarenhas|Dimitri Mascarenhas
Dimuth Karunaratne|Dimuth Karunaratne
Dinesh Chandimal|Dinesh Chandimal
Dinesh Karthik|Dinesh Karthik
Dinesh Mongia|Dinesh Mongia
Dinesh Salunkhe|Dinesh Salunkhe
Dirk Nannes|Dirk Nannes
Dishant Yagnik|Dishant Yagnik
Doddapaneni Kalyankrishna|Doddapaneni Kalyankrishna
Dolar Mahmud|Dolar Mahmud
Dom Bess|Dom Bess
Dom Michael|Dom Michael
Dom Sibley|Dom Sibley
Dominic Thornely|Dominic Thornely
Domnic Muthuswami|Domnic Muthuswami
Donald Tiripano|Donald Tiripano
Doug Bollinger|Doug Bollinger
Doug Bracewell|Doug Bracewell
Dougie Brown|Dougie Brown
Dougie Lockhart|Dougie Lockhart
Duanne Olivier|Duanne Olivier
Dushmantha Chameera|Dushmantha Chameera
Dwaine Pretorius|Dwaine Pretorius
Dwaraka Ravi Teja|Dwaraka Ravi Teja
Dwayne Bravo|Dwayne Bravo
Dwayne Leverock|Dwayne Leverock
Dwayne Smith|Dwayne Smith
Dylan Budge|Dylan Budge
Ebadot Hossain|Ebadot Hossain
Ed Cowan|Ed Cowan
Ed Joyce|Ed Joyce
Ed Rainsford|Ed Rainsford
Eddie Leie|Eddie Leie
Edgar Schiferli|Edgar Schiferli
Ehsan Adil|Ehsan Adil
Ehsan Khan|Ehsan Khan
Ehsan Nawaz|Ehsan Nawaz
Eklavya Dwivedi|Eklavya Dwivedi
Elias Sunny|Elias Sunny
Elijah Otieno|Elijah Otieno
Elton Chigumbura|Elton Chigumbura
Enamul Haque jnr|Enamul Haque jnr
Eoin Morgan|Eoin Morgan
Eric Szwarczynski|Eric Szwarczynski
Evan Gulbis|Evan Gulbis
Evin Lewis|Evin Lewis
Ewen Thompson|Ewen Thompson
Fabian Allen|Fabian Allen
Faf du Plessis|Faf du Plessis
Fahad Alhashmi|Fahad Alhashmi
Fahad Tariq|Fahad Tariq
Faheem Ashraf|Faheem Ashraf
Faisal Hossain|Faisal Hossain
Faisal Iqbal|Faisal Iqbal
Faiz Fazal|Faiz Fazal
Fakhar Zaman|Fakhar Zaman
Fareed Ahmad|Fareed Ahmad
Farhaan Behardien|Farhaan Behardien
Farhad Reza|Farhad Reza
Farveez Maharoof|Farveez Maharoof
Fawad Ahmed|Fawad Ahmed
Fawad Alam|Fawad Alam
Fidel Edwards|Fidel Edwards
Floyd Reifer|Floyd Reifer
Forster Mutizwa|Forster Mutizwa
Fraser Watts|Fraser Watts
Freddie Coleman|Freddie Coleman
Gagandeep Singh|Gagandeep Singh
Gareth Batty|Gareth Batty
Gareth Delany|Gareth Delany
Gareth Hopkins|Gareth Hopkins
Garey Mathurin|Garey Mathurin
Gary Ballance|Gary Ballance
Gary Brent|Gary Brent
Gary Kidd|Gary Kidd
Gary Putland|Gary Putland
Gary Wilson|Gary Wilson
Gautam Gambhir|Gautam Gambhir
Gavin Ewing|Gavin Ewing
Gavin Hamilton|Gavin Hamilton
Gavin Tonge|Gavin Tonge
Geert-Maarten Mol|Geert-Maarten Mol
Geoff Barnett|Geoff Barnett
George Bailey|George Bailey
George Codrington|George Codrington
George Dockrell|George Dockrell
George Linde|George Linde
George Munsey|George Munsey
George Worker|George Worker
Geraint Jones|Geraint Jones
Ghulam Shabber|Ghulam Shabber
Gihahn Cloete|Gihahn Cloete
Glenn Maxwell|Glenn Maxwell
Glenn McGrath|Glenn McGrath
Glenn Phillips|Glenn Phillips
Glenn Rogers|Glenn Rogers
Gnaneswara Rao|Gnaneswara Rao
Gordon Drummond|Gordon Drummond
Gordon Goudie|Gordon Goudie
Graeme Cremer|Graeme Cremer
Graeme Smith|Graeme Smith
Graeme Swann|Graeme Swann
Graham Manou|Graham Manou
Graham Napier|Graham Napier
Graham Onions|Graham Onions
Grant Elliott|Grant Elliott
Greg Lamb|Greg Lamb
Greg Thompson|Greg Thompson
Greg West|Greg West
Gulbadin Naib|Gulbadin Naib
Gurinder Sandhu|Gurinder Sandhu
Gurkeerat Singh Mann|Gurkeerat Singh Mann
Guy Walker|Guy Walker
Habibul Bashar|Habibul Bashar
Haider Ali|Haider Ali
Halhadar Das|Halhadar Das
Hamid Hassan|Hamid Hassan
Hamilton Masakadza|Hamilton Masakadza
Hamish Bennett|Hamish Bennett
Hamish Gardiner|Hamish Gardiner
Hamish Kingston|Hamish Kingston
Hamish Marshall|Hamish Marshall
Hamish Rutherford|Hamish Rutherford
Hammad Azam|Hammad Azam
Hanuma Vihari|Hanuma Vihari
Harbhajan Singh|Harbhajan Singh
Hardik Pandya|Hardik Pandya
Hardus Viljoen|Hardus Viljoen
Haris Rauf|Haris Rauf
Haris Sohail|Haris Sohail
Harmeet Singh|Harmeet Singh
Harpreet Brar|Harpreet Brar
Harpreet Singh|Harpreet Singh
Harry Conway|Harry Conway
Harry Gurney|Harry Gurney
Harry Nielsen|Harry Nielsen
Harry Tector|Harry Tector
Harshal Patel|Harshal Patel
Harvir Baidwan|Harvir Baidwan
Hasan Ali|Hasan Ali
Haseeb Hameed|Haseeb Hameed
Hashim Amla|Hashim Amla
Hashmatullah Shahidi|Hashmatullah Shahidi
Hasibul Hossain|Hasibul Hossain
Hayden Kerr|Hayden Kerr
Hayden Walsh|Hayden Walsh
Hazratullah Zazai|Hazratullah Zazai
Heath Streak|Heath Streak
Heino Kuhn|Heino Kuhn
Heinrich Klaasen|Heinrich Klaasen
Henk-Jan Mol|Henk-Jan Mol
Henry Davids|Henry Davids
Henry Nicholls|Henry Nicholls
Henry Osinde|Henry Osinde
Henry Thornton|Henry Thornton
Herschelle Gibbs|Herschelle Gibbs
Hilton Cartwright|Hilton Cartwright
Hiral Patel|Hiral Patel
Hiren Varaiya|Hiren Varaiya
Hussain Butt|Hussain Butt
Hussain Talat|Hussain Talat
Iain O'Brien|Iain O'Brien
Iain Wardlaw|Iain Wardlaw
Ian Bell|Ian Bell
Ian Billcliff|Ian Billcliff
Ian Blackwell|Ian Blackwell
Ian Bradshaw|Ian Bradshaw
Ian Butler|Ian Butler
Ian Moran|Ian Moran
Ibrahim Zadran|Ibrahim Zadran
Iftikhar Ahmed|Iftikhar Ahmed
Iftikhar Anjum|Iftikhar Anjum
Ikram Alikhil|Ikram Alikhil
Imad Wasim|Imad Wasim
Imam-ul-Haq|Imam-ul-Haq
Imran Farhat|Imran Farhat
Imran Haider|Imran Haider
Imran Khan|Imran Khan
Imran Nazir|Imran Nazir
Imran Tahir|Imran Tahir
Imrul Kayes|Imrul Kayes
Inzamam-ul-Haq|Inzamam-ul-Haq
Iqbal Abdulla|Iqbal Abdulla
Irfan Ahmed|Irfan Ahmed
Irfan Pathan|Irfan Pathan
Irving Romaine|Irving Romaine
Ish Sodhi|Ish Sodhi
Ishan Kishan|Ishan Kishan
Ishan Malhotra|Ishan Malhotra
Ishank Jaggi|Ishank Jaggi
Ishant Sharma|Ishant Sharma
Ishara Amerasinghe|Ishara Amerasinghe
Ishwar Pandey|Ishwar Pandey
Isuru Udana|Isuru Udana
Izatullah Dawlatzai|Izatullah Dawlatzai
JJ Smuts|JJ Smuts
Jack Edwards|Jack Edwards
Jack Leach|Jack Leach
Jack Prestwidge|Jack Prestwidge
Jack Wildermuth|Jack Wildermuth
Jack Wood|Jack Wood
Jackson Bird|Jackson Bird
Jackson Coleman|Jackson Coleman
Jacob Duffy|Jacob Duffy
Jacob Oram|Jacob Oram
Jacques Kallis|Jacques Kallis
Jacques Rudolph|Jacques Rudolph
Jade Dernbach|Jade Dernbach
Jagadeesh Arunkumar|Jagadeesh Arunkumar
Jagadeesha Suchith|Jagadeesha Suchith
Jahmar Hamilton|Jahmar Hamilton
Jahurul Islam|Jahurul Islam
Jai Prakash Yadav|Jai Prakash Yadav
Jake Ball|Jake Ball
Jake Doran|Jake Doran
Jake Fraser-McGurk|Jake Fraser-McGurk
Jake Lehmann|Jake Lehmann
Jake Reed|Jake Reed
Jake Weatherald|Jake Weatherald
Jamaluddin Syed Mohammad|Jamaluddin Syed Mohammad
James Anderson|James Anderson
James Bazley|James Bazley
James Faulkner|James Faulkner
James Foster|James Foster
James Franklin|James Franklin
James Hopes|James Hopes
James Marshall|James Marshall
James McCollum|James McCollum
James Muirhead|James Muirhead
James Neesham|James Neesham
James Pattinson|James Pattinson
James Shannon|James Shannon
James Smith|James Smith
James Taylor|James Taylor
James Tredwell|James Tredwell
James Vince|James Vince
Jamie Atkinson|Jamie Atkinson
Jamie Dalrymple|Jamie Dalrymple
Jamie How|Jamie How
Jan Stander|Jan Stander
Janeiro Tucker|Janeiro Tucker
Janneman Malan|Janneman Malan
Jaron Morgan|Jaron Morgan
Jarrod Freeman|Jarrod Freeman
Jaskaran Singh|Jaskaran Singh
Jason Behrendorff|Jason Behrendorff
Jason Floros|Jason Floros
Jason Holder|Jason Holder
Jason Krejza|Jason Krejza
Jason Mohammed|Jason Mohammed
Jason Roy|Jason Roy
Jason Sangha|Jason Sangha
Jasprit Bumrah|Jasprit Bumrah
Javed Ahmadi|Javed Ahmadi
Javed Omar|Javed Omar
Javon Searles|Javon Searles
Jay Lenton|Jay Lenton
Jayant Yadav|Jayant Yadav
Jayde Herrick|Jayde Herrick
Jaydev Unadkat|Jaydev Unadkat
Jean-Paul Duminy|Jean-Paul Duminy
Jeet Raval|Jeet Raval
Jeetan Patel|Jeetan Patel
Jeevan Mendis|Jeevan Mendis
Jeffrey Vandersay|Jeffrey Vandersay
Jehan Mubarak|Jehan Mubarak
Jeremy Bray|Jeremy Bray
Jermaine Blackwood|Jermaine Blackwood
Jermaine Lawson|Jermaine Lawson
Jerome Taylor|Jerome Taylor
Jesse Ryder|Jesse Ryder
Jhye Richardson|Jhye Richardson
Jimmy Hansra|Jimmy Hansra
Jimmy Kamande|Jimmy Kamande
Jimmy Peirson|Jimmy Peirson
Joe Burns|Joe Burns
Joe Clarke|Joe Clarke
Joe Denly|Joe Denly
Joe Mennie|Joe Mennie
Joe Root|Joe Root
Joel Paris|Joel Paris
Jofra Archer|Jofra Archer
Joginder Sharma|Joginder Sharma
Johan Botha|Johan Botha
Johan van der Wath|Johan van der Wath
John Anderson|John Anderson
John Blain|John Blain
John Campbell|John Campbell
John Davison|John Davison
John Hastings|John Hastings
John Mooney|John Mooney
John Nyumbu|John Nyumbu
Johnson Charles|Johnson Charles
Jomel Warrican|Jomel Warrican
Jon Holland|Jon Holland
Jon Lewis|Jon Lewis
Jonathan Carter|Jonathan Carter
Jonathan Cook|Jonathan Cook
Jonathan Merlo|Jonathan Merlo
Jonathan Trott|Jonathan Trott
Jonathan Wells|Jonathan Wells
Jonny Bairstow|Jonny Bairstow
Jono Dean|Jono Dean
Jordan Silk|Jordan Silk
Jos Buttler|Jos Buttler
Josh Davey|Josh Davey
Josh Hazlewood|Josh Hazlewood
Josh Inglis|Josh Inglis
Josh Lalor|Josh Lalor
Josh Little|Josh Little
Josh Philippe|Josh Philippe
Jubair Hossain|Jubair Hossain
Junaid Khan|Junaid Khan
Junaid Siddique|Junaid Siddique
Junior Dala|Junior Dala
Justin Avendano|Justin Avendano
Justin Kemp|Justin Kemp
Justin Ontong|Justin Ontong
KC Cariappa|KC Cariappa
KL Rahul|KL Rahul
KM Asif|KM Asif
KP Appanna|KP Appanna
Kabir Ali|Kabir Ali
Kagiso Rabada|Kagiso Rabada
Kamindu Mendis|Kamindu Mendis
Kamlesh Nagarkoti|Kamlesh Nagarkoti
Kamran Akmal|Kamran Akmal
Kamran Khan|Kamran Khan
Kamran Shazad|Kamran Shazad
Kamrul Islam|Kamrul Islam
Kane Richardson|Kane Richardson
Kane Williamson|Kane Williamson
Karan Goel|Karan Goel
Karanveer Singh|Karanveer Singh
Karim Janat|Karim Janat
Karim Sadiq|Karim Sadiq
Karn Sharma|Karn Sharma
Kartik Tyagi|Kartik Tyagi
Karun Nair|Karun Nair
Kashif Daud|Kashif Daud
Kasun Rajitha|Kasun Rajitha
Kaushal Silva|Kaushal Silva
Kaushalya Weeraratne|Kaushalya Weeraratne
Keaton Jennings|Keaton Jennings
Kedar Jadhav|Kedar Jadhav
Keegan Meth|Keegan Meth
Keemo Paul|Keemo Paul
Keith Dabengwa|Keith Dabengwa
Kelvin Smith|Kelvin Smith
Kemar Roach|Kemar Roach
Kenny Carroll|Kenny Carroll
Kenroy Peters|Kenroy Peters
Keshav Maharaj|Keshav Maharaj
Kesrick Williams|Kesrick Williams
Kevin Hurdle|Kevin Hurdle
Kevin O'Brien|Kevin O'Brien
Kevin Pietersen|Kevin Pietersen
Kevon Cooper|Kevon Cooper
Khaled Ahmed|Khaled Ahmed
Khaled Mahmud|Khaled Mahmud
Khaled Mashud|Khaled Mashud
Khaleel Ahmed|Khaleel Ahmed
Khalid Latif|Khalid Latif
Khary Pierre|Khary Pierre
Khaya Zondo|Khaya Zondo
Khurram Chohan|Khurram Chohan
Khurram Khan|Khurram Khan
Khurram Manzoor|Khurram Manzoor
Khushdil Shah|Khushdil Shah
Kieran Powell|Kieran Powell
Kieron Pollard|Kieron Pollard
Kinchit Shah|Kinchit Shah
Kirk Edwards|Kirk Edwards
Kithuruwan Vithanage|Kithuruwan Vithanage
Kraigg Brathwaite|Kraigg Brathwaite
Krishmar Santokie|Krishmar Santokie
Krishna Chandran|Krishna Chandran
Krishnakant  Upadhyay|Krishnakant  Upadhyay
Krishnappa Gowtham|Krishnappa Gowtham
Kruger van Wyk|Kruger van Wyk
Krunal Pandya|Krunal Pandya
Kuldeep Yadav|Kuldeep Yadav
Kulwant Khejroliya|Kulwant Khejroliya
Kumar Sangakkara|Kumar Sangakkara
Kurtis Patterson|Kurtis Patterson
Kusal Mendis|Kusal Mendis
Kusal Perera|Kusal Perera
Kyle Abbott|Kyle Abbott
Kyle Coetzer|Kyle Coetzer
Kyle Hope|Kyle Hope
Kyle Jamieson|Kyle Jamieson
Kyle Jarvis|Kyle Jarvis
Kyle Mayers|Kyle Mayers
Kyle McCallan|Kyle McCallan
Kyle Mills|Kyle Mills
Kyle Verreynne|Kyle Verreynne
Lahiru Gamage|Lahiru Gamage
Lahiru Kumara|Lahiru Kumara
Lahiru Madushanka|Lahiru Madushanka
Lahiru Thirimanne|Lahiru Thirimanne
Lakshan Sandakan|Lakshan Sandakan
Lakshmipathy Balaji|Lakshmipathy Balaji
Lance Morris|Lance Morris
Lasith Embuldeniya|Lasith Embuldeniya
Lasith Malinga|Lasith Malinga
Laxmi Shukla|Laxmi Shukla
Lee Carseldine|Lee Carseldine
Lendl Simmons|Lendl Simmons
Leon Johnson|Leon Johnson
Lewis Gregory|Lewis Gregory
Liam Bowe|Liam Bowe
Liam Dawson|Liam Dawson
Liam Hatcher|Liam Hatcher
Liam Livingstone|Liam Livingstone
Liam O'Connor|Liam O'Connor
Liam Plunkett|Liam Plunkett
Liam Scott|Liam Scott
Lionel Baker|Lionel Baker
Lionel Cann|Lionel Cann
Liton Das|Liton Das
Lloyd Pope|Lloyd Pope
Lockie Ferguson|Lockie Ferguson
Logan van Beek|Logan van Beek
Lonwabo Tsotsobe|Lonwabo Tsotsobe
Loots Bosman|Loots Bosman
Lorcan Tucker|Lorcan Tucker
Lou Vincent|Lou Vincent
Love Ablish|Love Ablish
Luke Butterworth|Luke Butterworth
Luke Doran|Luke Doran
Luke Feldman|Luke Feldman
Luke Jongwe|Luke Jongwe
Luke Pomersbach|Luke Pomersbach
Luke Ronchi|Luke Ronchi
Luke Woodcock|Luke Woodcock
Luke Wright|Luke Wright
Lungi Ngidi|Lungi Ngidi
Lutho Sipamla|Lutho Sipamla
Luuk van Troost|Luuk van Troost
MS Dhoni|MS Dhoni
Macalister Wright|Macalister Wright
Mackenzie Harvey|Mackenzie Harvey
Mahbubul Alam|Mahbubul Alam
Mahela Jayawardene|Mahela Jayawardene
Mahela Udawatte|Mahela Udawatte
Mahesh Rawat|Mahesh Rawat
Mahipal Lomror|Mahipal Lomror
Mahmudullah|Mahmudullah
Majid Haq|Majid Haq
Makhaya Ntini|Makhaya Ntini
Malachi Jones|Malachi Jones
Malcolm Waller|Malcolm Waller
Malinda Pushpakumara|Malinda Pushpakumara
Malinda Warnapura|Malinda Warnapura
Malinga Bandara|Malinga Bandara
Manan Vohra|Manan Vohra
Mandeep Singh|Mandeep Singh
Mangaliso Mosehle|Mangaliso Mosehle
Manish Pandey|Manish Pandey
Manjula Guruge|Manjula Guruge
Manoj Tiwary|Manoj Tiwary
Manpreet Gony|Manpreet Gony
Manprit Juneja|Manprit Juneja
Manvinder  Bisla|Manvinder  Bisla
Marchant de Lange|Marchant de Lange
Marcus Harris|Marcus Harris
Marcus North|Marcus North
Marcus Stoinis|Marcus Stoinis
Mark Adair|Mark Adair
Mark Boucher|Mark Boucher
Mark Chapman|Mark Chapman
Mark Cosgrove|Mark Cosgrove
Mark Craig|Mark Craig
Mark Gillespie|Mark Gillespie
Mark Higgs|Mark Higgs
Mark Steketee|Mark Steketee
Mark Stoneman|Mark Stoneman
Mark Vermeulen|Mark Vermeulen
Mark Watt|Mark Watt
Mark Wood|Mark Wood
Marlon Samuels|Marlon Samuels
Marnus Labuschagne|Marnus Labuschagne
Martin Guptill|Martin Guptill
Marvan Atapattu|Marvan Atapattu
Mashrafe Mortaza|Mashrafe Mortaza
Mason Crane|Mason Crane
Mathew Sinclair|Mathew Sinclair
Matt Dixon|Matt Dixon
Matt Henry|Matt Henry
Matt Johnston|Matt Johnston
Matt Machan|Matt Machan
Matt Parkinson|Matt Parkinson
Matt Prior|Matt Prior
Matt Renshaw|Matt Renshaw
Matthew Bell|Matthew Bell
Matthew Cross|Matthew Cross
Matthew Day|Matthew Day
Matthew Gale|Matthew Gale
Matthew Gilkes|Matthew Gilkes
Matthew Hayden|Matthew Hayden
Matthew Hoggard|Matthew Hoggard
Matthew Kelly|Matthew Kelly
Matthew Kuhnemann|Matthew Kuhnemann
Matthew Parker|Matthew Parker
Matthew Short|Matthew Short
Matthew Wade|Matthew Wade
Max Bryant|Max Bryant
Max Sorensen|Max Sorensen
Mayank Agarwal|Mayank Agarwal
Mayank Markande|Mayank Markande
Mehidy Hasan|Mehidy Hasan
Mehrab Hossain jnr|Mehrab Hossain jnr
Meyrick Buchanan|Meyrick Buchanan
Michael Bates|Michael Bates
Michael Beer|Michael Beer
Michael Carberry|Michael Carberry
Michael Chinouya|Michael Chinouya
Michael Clarke|Michael Clarke
Michael Hill|Michael Hill
Michael Hogan|Michael Hogan
Michael Hussey|Michael Hussey
Michael Klinger|Michael Klinger
Michael Leask|Michael Leask
Michael Lumb|Michael Lumb
Michael Mason|Michael Mason
Michael Neser|Michael Neser
Michael Swart|Michael Swart
Michael Vaughan|Michael Vaughan
Michael Yardy|Michael Yardy
Mickey Edwards|Mickey Edwards
Miguel Cummins|Miguel Cummins
Milinda Siriwardana|Milinda Siriwardana
Mir Hamza|Mir Hamza
Mirwais Ashraf|Mirwais Ashraf
Misbah-ul-Haq|Misbah-ul-Haq
Mitchell Johnson|Mitchell Johnson
Mitchell Marsh|Mitchell Marsh
Mitchell McClenaghan|Mitchell McClenaghan
Mitchell Perry|Mitchell Perry
Mitchell Santner|Mitchell Santner
Mitchell Starc|Mitchell Starc
Mitchell Swepson|Mitchell Swepson
Mithun Manhas|Mithun Manhas
Moeen Ali|Moeen Ali
Mohammad Abbas|Mohammad Abbas
Mohammad Amir|Mohammad Amir
Mohammad Ashraful|Mohammad Ashraful
Mohammad Asif|Mohammad Asif
Mohammad Hafeez|Mohammad Hafeez
Mohammad Hasnain|Mohammad Hasnain
Mohammad Irfan|Mohammad Irfan
Mohammad Kaif|Mohammad Kaif
Mohammad Kashif|Mohammad Kashif
Mohammad Mithun|Mohammad Mithun
Mohammad Nabi|Mohammad Nabi
Mohammad Naveed|Mohammad Naveed
Mohammad Nawaz|Mohammad Nawaz
Mohammad Rafique|Mohammad Rafique
Mohammad Rizwan|Mohammad Rizwan
Mohammad Saifuddin|Mohammad Saifuddin
Mohammad Salman|Mohammad Salman
Mohammad Sami|Mohammad Sami
Mohammad Shahid|Mohammad Shahid
Mohammad Shahzad|Mohammad Shahzad
Mohammad Sharif|Mohammad Sharif
Mohammad Talha|Mohammad Talha
Mohammad Tauqir|Mohammad Tauqir
Mohammad Yousuf|Mohammad Yousuf
Mohammed Shami|Mohammed Shami
Mohammed Siraj|Mohammed Siraj
Mohit Sharma|Mohit Sharma
Mohnish  Mishra|Mohnish  Mishra
Mohnish Parmar|Mohnish Parmar
Moises Henriques|Moises Henriques
Mominul Haque|Mominul Haque
Moneeb Iqbal|Moneeb Iqbal
Monty Panesar|Monty Panesar
Monu Kumar|Monu Kumar
Morne Morkel|Morne Morkel
Morne van Wyk|Morne van Wyk
Morris Ouma|Morris Ouma
Mosaddek Hossain|Mosaddek Hossain
Mosharraf Hossain|Mosharraf Hossain
Mthokozisi Shezi|Mthokozisi Shezi
Mudassar Bukhari|Mudassar Bukhari
Muhammad Kaleem|Muhammad Kaleem
Muhammad Musa|Muhammad Musa
Muhammad Usman|Muhammad Usman
Mujeeb Ur Rahman|Mujeeb Ur Rahman
Munaf Patel|Munaf Patel
Munir Dar|Munir Dar
Murali Kartik|Murali Kartik
Murali Vijay|Murali Vijay
Murugan Ashwin|Murugan Ashwin
Musavir Khote|Musavir Khote
Mushfiqur Rahim|Mushfiqur Rahim
Mushfiqur Rahman|Mushfiqur Rahman
Mustafizur Rahman|Mustafizur Rahman
Muthumudalige Pushpakumara|Muthumudalige Pushpakumara
Muttiah Muralitharan|Muttiah Muralitharan
Nadeem Ahmed|Nadeem Ahmed
Naeem Islam|Naeem Islam
Nafees Iqbal|Nafees Iqbal
Najeeb Amar|Najeeb Amar
Najibullah Zadran|Najibullah Zadran
Najmul Hossain Shanto|Najmul Hossain Shanto
Naman Ojha|Naman Ojha
Narayan Jagadeesan|Narayan Jagadeesan
Narsingh Deonarine|Narsingh Deonarine
Naseem Shah|Naseem Shah
Nasir Hossain|Nasir Hossain
Nasir Jamal|Nasir Jamal
Nasir Jamshed|Nasir Jamshed
Nathan Astle|Nathan Astle
Nathan Bracken|Nathan Bracken
Nathan Coulter-Nile|Nathan Coulter-Nile
Nathan Ellis|Nathan Ellis
Nathan Hauritz|Nathan Hauritz
Nathan Lyon|Nathan Lyon
Nathan McAndrew|Nathan McAndrew
Nathan McCullum|Nathan McCullum
Nathan McSweeney|Nathan McSweeney
Nathan Reardon|Nathan Reardon
Nathan Rimmington|Nathan Rimmington
Nathu Singh|Nathu Singh
Natsai M'shangwe|Natsai M'shangwe
Navdeep Poonia|Navdeep Poonia
Navdeep Saini|Navdeep Saini
Naved-ul-Hasan|Naved-ul-Hasan
Naveen-ul-Haq|Naveen-ul-Haq
Nawroz Mangal|Nawroz Mangal
Nayan Doshi|Nayan Doshi
Nayeem Hasan|Nayeem Hasan
Nazimuddin|Nazimuddin
Nazmul Hossain|Nazmul Hossain
Nazmul Islam|Nazmul Islam
Nehemiah Odhiambo|Nehemiah Odhiambo
Neil Broom|Neil Broom
Neil MacRae|Neil MacRae
Neil McCallum|Neil McCallum
Neil McKenzie|Neil McKenzie
Neil Wagner|Neil Wagner
Nelon Pascal|Nelon Pascal
Neville Madziva|Neville Madziva
Niall O'Brien|Niall O'Brien
Nic Maddinson|Nic Maddinson
Nicholas Bills|Nicholas Bills
Nicholas Pooran|Nicholas Pooran
Nick Buchanan|Nick Buchanan
Nick Compton|Nick Compton
Nick Hobson|Nick Hobson
Nick Larkin|Nick Larkin
Nick Winter|Nick Winter
Nigel Jones|Nigel Jones
Nikhil Naik|Nikhil Naik
Nikita Miller|Nikita Miller
Niraj Patel|Niraj Patel
Niroshan Dickwella|Niroshan Dickwella
Nitin Saini|Nitin Saini
Nitish Rana|Nitish Rana
Nizakat Khan|Nizakat Khan
Nkrumah Bonner|Nkrumah Bonner
Noor Ahmad|Noor Ahmad
Noor Ali Zadran|Noor Ali Zadran
Nurul Hasan|Nurul Hasan
Nuwan Kulasekara|Nuwan Kulasekara
Nuwan Pradeep|Nuwan Pradeep
Nuwan Zoysa|Nuwan Zoysa
Obed McCoy|Obed McCoy
Odean Smith|Odean Smith
Oliver Davies|Oliver Davies
Oliver Pitcher|Oliver Pitcher
Ollie Pope|Ollie Pope
Olly Stone|Olly Stone
Omari Banks|Omari Banks
Omer Hussain|Omer Hussain
Oshada Fernando|Oshada Fernando
Oshane Thomas|Oshane Thomas
Owais Shah|Owais Shah
P Hatzoglou|P Hatzoglou
PM Sarvesh Kumar|PM Sarvesh Kumar
Padmanabhan Prasanth|Padmanabhan Prasanth
Paidikalva Vijaykumar|Paidikalva Vijaykumar
Palani  Amarnath|Palani  Amarnath
Palaniapan Meiyappan|Palaniapan Meiyappan
Pankaj Singh|Pankaj Singh
Paras Dogra|Paras Dogra
Pardeep Sahu|Pardeep Sahu
Parth Desai|Parth Desai
Parthiv Patel|Parthiv Patel
Parvez Rasool|Parvez Rasool
Parvinder Awana|Parvinder Awana
Pat Brown|Pat Brown
Pat Cummins|Pat Cummins
Patrick Browne|Patrick Browne
Paul Collingwood|Paul Collingwood
Paul Harris|Paul Harris
Paul Hitchcock|Paul Hitchcock
Paul Hoffmann|Paul Hoffmann
Paul Mooney|Paul Mooney
Paul Nixon|Paul Nixon
Paul Stirling|Paul Stirling
Paul Valthaty|Paul Valthaty
Pawan Negi|Pawan Negi
Pawan Suyal|Pawan Suyal
Pedro Collins|Pedro Collins
Peter Borren|Peter Borren
Peter Chase|Peter Chase
Peter Connell|Peter Connell
Peter Forrest|Peter Forrest
Peter Fulton|Peter Fulton
Peter George|Peter George
Peter Gillespie|Peter Gillespie
Peter Handscomb|Peter Handscomb
Peter Ingram|Peter Ingram
Peter McGlashan|Peter McGlashan
Peter Moor|Peter Moor
Peter Nevill|Peter Nevill
Peter Ongondo|Peter Ongondo
Peter Siddle|Peter Siddle
Phil Eaglestone|Phil Eaglestone
Phil Jaques|Phil Jaques
Phil Mustard|Phil Mustard
Phil Salt|Phil Salt
Phillip Hughes|Phillip Hughes
Pieter Malan|Pieter Malan
Pieter Seelaar|Pieter Seelaar
Pinal Shah|Pinal Shah
Pite van Biljon|Pite van Biljon
Piyush Chawla|Piyush Chawla
Prabath Jayasuriya|Prabath Jayasuriya
Prabhsimran Singh|Prabhsimran Singh
Pradeep Jeyapragash|Pradeep Jeyapragash
Pradeep Sangwan|Pradeep Sangwan
Pragyan Ojha|Pragyan Ojha
Prasanna Jayawardene|Prasanna Jayawardene
Prasanth Parameswaran|Prasanth Parameswaran
Prashant Chopra|Prashant Chopra
Prasidh Krishna|Prasidh Krishna
Praveen Dubey|Praveen Dubey
Praveen Kumar|Praveen Kumar
Pravin Tambe|Pravin Tambe
Prayas Ray Barman|Prayas Ray Barman
Preston Mommsen|Preston Mommsen
Prince Masvaure|Prince Masvaure
Prithvi Raj|Prithvi Raj
Prithvi Shaw|Prithvi Shaw
Priyam Garg|Priyam Garg
Priyamal Perera|Priyamal Perera
Prosper Utseya|Prosper Utseya
Qadeer Ahmed|Qadeer Ahmed
Qais Ahmad|Qais Ahmad
Qaiser Ali|Qaiser Ali
Qasim Sheikh|Qasim Sheikh
Quinton de Kock|Quinton de Kock
RP Singh|RP Singh
Raees Ahmadzai|Raees Ahmadzai
Rafatullah Mohmand|Rafatullah Mohmand
Rahat Ali|Rahat Ali
Rahil Shaikh|Rahil Shaikh
Rahkeem Cornwall|Rahkeem Cornwall
Rahmanullah Gurbaz|Rahmanullah Gurbaz
Rahmat Shah|Rahmat Shah
Rahul Chahar|Rahul Chahar
Rahul Dravid|Rahul Dravid
Rahul Sharma|Rahul Sharma
Rahul Shukla|Rahul Shukla
Rahul Tewatia|Rahul Tewatia
Rahul Tripathi|Rahul Tripathi
Raiphi Gomez|Raiphi Gomez
Rajagopal Sathish|Rajagopal Sathish
Rajat Bhatia|Rajat Bhatia
Rajendra Chandrika|Rajendra Chandrika
Rajesh Bishnoi|Rajesh Bishnoi
Rajin Saleh|Rajin Saleh
Raju Bhatkal|Raju Bhatkal
Rakep Patel|Rakep Patel
Rameez Shahzad|Rameez Shahzad
Ramesh Powar|Ramesh Powar
Ramith Rambukwella|Ramith Rambukwella
Ramnaresh Sarwan|Ramnaresh Sarwan
Ranadeb Bose|Ranadeb Bose
Rangana Herath|Rangana Herath
Raqibul Hasan|Raqibul Hasan
Rashid Khan|Rashid Khan
Rasikh Salam|Rasikh Salam
Rassie van der Dussen|Rassie van der Dussen
Ravi Bishnoi|Ravi Bishnoi
Ravi Bopara|Ravi Bopara
Ravi Rampaul|Ravi Rampaul
Ravi Shah|Ravi Shah
Ravichandran Ashwin|Ravichandran Ashwin
Ravindra Jadeja|Ravindra Jadeja
Rawl Lewis|Rawl Lewis
Ray Price|Ray Price
Rayad Emrit|Rayad Emrit
Raymon Reifer|Raymon Reifer
Raza Hasan|Raza Hasan
Reece Topley|Reece Topley
Reece Young|Reece Young
Reetinder Sodhi|Reetinder Sodhi
Reeza Hendricks|Reeza Hendricks
Regan West|Regan West
Regis Chakabva|Regis Chakabva
Reinhardt Strydom|Reinhardt Strydom
Rhett Lockyear|Rhett Lockyear
Ricardo Powell|Ricardo Powell
Richard Gleeson|Richard Gleeson
Richard Levi|Richard Levi
Richie Berrington|Richie Berrington
Richmond Mutumbami|Richmond Mutumbami
Ricky Bhui|Ricky Bhui
Ricky Ponting|Ricky Ponting
Riki Wessels|Riki Wessels
Rilee Rossouw|Rilee Rossouw
Riley Meredith|Riley Meredith
Rinku Singh|Rinku Singh
Rishabh Pant|Rishabh Pant
Rishi Dhawan|Rishi Dhawan
Riyan Parag|Riyan Parag
Rizwan Cheema|Rizwan Cheema
Rob Key|Rob Key
Rob Nicol|Rob Nicol
Rob Quiney|Rob Quiney
Rob Taylor|Rob Taylor
Robbie Frylinck|Robbie Frylinck
Robin Peterson|Robin Peterson
Robin Uthappa|Robin Uthappa
Robiul Islam|Robiul Islam
Roelof van der Merwe|Roelof van der Merwe
Roger Telemachus|Roger Telemachus
Rohan Gavaskar|Rohan Gavaskar
Rohan Mustafa|Rohan Mustafa
Rohan Raje|Rohan Raje
Rohit Sharma|Rohit Sharma
Romario Shepherd|Romario Shepherd
Ronit More|Ronit More
Ronnie Hira|Ronnie Hira
Ronsford Beaton|Ronsford Beaton
Rony Talukdar|Rony Talukdar
Rory Burns|Rory Burns
Rory Kleinveldt|Rory Kleinveldt
Roshen Silva|Roshen Silva
Ross Lyons|Ross Lyons
Ross Taylor|Ross Taylor
Roston Chase|Roston Chase
Rovman Powell|Rovman Powell
Roy Lamsam|Roy Lamsam
Royston Crandon|Royston Crandon
Rubel Hossain|Rubel Hossain
Rumman Raees|Rumman Raees
Runako Morton|Runako Morton
Russel Arnold|Russel Arnold
Rusty Theron|Rusty Theron
Ruturaj Gaikwad|Ruturaj Gaikwad
Ruvindu Gunasekera|Ruvindu Gunasekera
Ryan Burl|Ryan Burl
Ryan Carters|Ryan Carters
Ryan Duffield|Ryan Duffield
Ryan Gibson|Ryan Gibson
Ryan Haire|Ryan Haire
Ryan Harris|Ryan Harris
Ryan McLaren|Ryan McLaren
Ryan Ninan|Ryan Ninan
Ryan Sidebottom|Ryan Sidebottom
Ryan Watson|Ryan Watson
Ryan ten Doeschate|Ryan ten Doeschate
S Badrinath|S Badrinath
Saad Ali|Saad Ali
Saad Nasim|Saad Nasim
Sabbir Rahman|Sabbir Rahman
Sachin Baby|Sachin Baby
Sachin Rana|Sachin Rana
Sachin Tendulkar|Sachin Tendulkar
Sachith Pathirana|Sachith Pathirana
Sachithra Senanayake|Sachithra Senanayake
Sadeera Samarawickrama|Sadeera Samarawickrama
Saeed Ajmal|Saeed Ajmal
Safyaan Sharif|Safyaan Sharif
Sahibzada Farhan|Sahibzada Farhan
Sajid Mahmood|Sajid Mahmood
Saleem Mukuddem|Saleem Mukuddem
Salman Butt|Salman Butt
Sam Billings|Sam Billings
Sam Curran|Sam Curran
Sam Harper|Sam Harper
Sam Heazlett|Sam Heazlett
Sam Rainbird|Sam Rainbird
Sam Robson|Sam Robson
Sam Whiteman|Sam Whiteman
Sami Aslam|Sami Aslam
Samit Patel|Samit Patel
Samiullah Shinwari|Samiullah Shinwari
Samuel Badree|Samuel Badree
Sanath Jayasuriya|Sanath Jayasuriya
Sandeep Jyoti|Sandeep Jyoti
Sandeep Lamichhane|Sandeep Lamichhane
Sandeep Sharma|Sandeep Sharma
Sandeep Warrier|Sandeep Warrier
Sandun Weerakkody|Sandun Weerakkody
Sanjay Bangar|Sanjay Bangar
Sanju Samson|Sanju Samson
Saqib Mahmood|Saqib Mahmood
Saqlain Haider|Saqlain Haider
Sarabjit Ladda|Sarabjit Ladda
Sarfaraz Ahmed|Sarfaraz Ahmed
Sarfaraz Khan|Sarfaraz Khan
Saurabh Tiwary|Saurabh Tiwary
Scott Boland|Scott Boland
Scott Borthwick|Scott Borthwick
Scott Coyte|Scott Coyte
Scott Henry|Scott Henry
Scott Kuggeleijn|Scott Kuggeleijn
Scott McKechnie|Scott McKechnie
Scott Styris|Scott Styris
Sean Abbott|Sean Abbott
Sean Terry|Sean Terry
Sean Williams|Sean Williams
Seb Gotch|Seb Gotch
Seekkuge Prasanna|Seekkuge Prasanna
Senuran Muthusamy|Senuran Muthusamy
Seren Waters|Seren Waters
Seth Rance|Seth Rance
Sewnarine Chattergoon|Sewnarine Chattergoon
Shadab Jakati|Shadab Jakati
Shadab Khan|Shadab Khan
Shadman Islam|Shadman Islam
Shafiqullah|Shafiqullah
Shafiul Islam|Shafiul Islam
Shahadat Hossain|Shahadat Hossain
Shahbaz Ahmed|Shahbaz Ahmed
Shahbaz Nadeem|Shahbaz Nadeem
Shaheen Afridi|Shaheen Afridi
Shahid Afridi|Shahid Afridi
Shahriar Nafees|Shahriar Nafees
Shahzaib Hasan|Shahzaib Hasan
Shai Hope|Shai Hope
Shaiman Anwar|Shaiman Anwar
Shakib Al Hasan|Shakib Al Hasan
Shalabh Srivastava|Shalabh Srivastava
Shamarh Brooks|Shamarh Brooks
Shaminda Eranga|Shaminda Eranga
Shamsur Rahman|Shamsur Rahman
Shan Masood|Shan Masood
Shanan Stewart|Shanan Stewart
Shane Bond|Shane Bond
Shane Dowrich|Shane Dowrich
Shane Harwood|Shane Harwood
Shane Shillingford|Shane Shillingford
Shane Warne|Shane Warne
Shane Watson|Shane Watson
Shannon Gabriel|Shannon Gabriel
Shapoor Zadran|Shapoor Zadran
Sharafuddin Ashraf|Sharafuddin Ashraf
Shardul Thakur|Shardul Thakur
Sharjeel Khan|Sharjeel Khan
Shaun Marsh|Shaun Marsh
Shaun Pollock|Shaun Pollock
Shaun Tait|Shaun Tait
Shaun Udal|Shaun Udal
Shawn Findlay|Shawn Findlay
Shehan Jayasuriya|Shehan Jayasuriya
Sheldon Cottrell|Sheldon Cottrell
Sheldon Jackson|Sheldon Jackson
Shem Ngoche|Shem Ngoche
Sherfane Rutherford|Sherfane Rutherford
Shermon Lewis|Shermon Lewis
Shikhar Dhawan|Shikhar Dhawan
Shimron Hetmyer|Shimron Hetmyer
Shingi Masakadza|Shingi Masakadza
Shivam Dube|Shivam Dube
Shivam Mavi|Shivam Mavi
Shivam Sharma|Shivam Sharma
Shivil Kaushik|Shivil Kaushik
Shivnarine Chanderpaul|Shivnarine Chanderpaul
Shoaib Ahmed|Shoaib Ahmed
Shoaib Akhtar|Shoaib Akhtar
Shoaib Malik|Shoaib Malik
Shoaib Shaikh|Shoaib Shaikh
Shreevats Goswami|Shreevats Goswami
Shreyas Gopal|Shreyas Gopal
Shreyas Iyer|Shreyas Iyer
Shrikant Mundhe|Shrikant Mundhe
Shrikant Wagh|Shrikant Wagh
Shubham Agarwal|Shubham Agarwal
Shubman Gill|Shubman Gill
Shuvagata Hom|Shuvagata Hom
Siddarth Kaul|Siddarth Kaul
Siddharth Chitnis|Siddharth Chitnis
Siddharth Trivedi|Siddharth Trivedi
Siddhesh Lad|Siddhesh Lad
Sikandar Raza|Sikandar Raza
Simi Singh|Simi Singh
Simon Harmer|Simon Harmer
Simon Katich|Simon Katich
Simon Keen|Simon Keen
Simon Milenko|Simon Milenko
Sir Alastair Cook|Sir Alastair Cook
Sir Andrew Strauss|Sir Andrew Strauss
Skhawat Ali|Skhawat Ali
Sohag Gazi|Sohag Gazi
Sohaib Maqsood|Sohaib Maqsood
Sohail Khan|Sohail Khan
Sohail Tanvir|Sohail Tanvir
Sohrawordi Shuvo|Sohrawordi Shuvo
Solomon Mire|Solomon Mire
Soumya Sarkar|Soumya Sarkar
Sourav Ganguly|Sourav Ganguly
Sourav Sarkar|Sourav Sarkar
Sreenath Aravind|Sreenath Aravind
Sreesanth|Sreesanth
Sridharan Sriram|Sridharan Sriram
Srikkanth Anirudha|Srikkanth Anirudha
Stephan Myburgh|Stephan Myburgh
Stephen Cook|Stephen Cook
Stephen Fleming|Stephen Fleming
Stephen Parry|Stephen Parry
Steve Harmison|Steve Harmison
Steve O'Keefe|Steve O'Keefe
Steve Paulsen|Steve Paulsen
Steve Tikolo|Steve Tikolo
Steven Davies|Steven Davies
Steven Finn|Steven Finn
Steven Outerbridge|Steven Outerbridge
Steven Smith|Steven Smith
Stiaan van Zyl|Stiaan van Zyl
Stuart Binny|Stuart Binny
Stuart Broad|Stuart Broad
Stuart Carlisle|Stuart Carlisle
Stuart Clark|Stuart Clark
Stuart MacGill|Stuart MacGill
Stuart Matsikenyeri|Stuart Matsikenyeri
Stuart Meaker|Stuart Meaker
Stuart Poynter|Stuart Poynter
Stuart Thompson|Stuart Thompson
Subashis Roy|Subashis Roy
Sudeep Tyagi|Sudeep Tyagi
Sudhesan Midhun|Sudhesan Midhun
Sulieman Benn|Sulieman Benn
Sumit Narwal|Sumit Narwal
Sunil Ambris|Sunil Ambris
Sunil Dhaniram|Sunil Dhaniram
Sunil Joshi|Sunil Joshi
Sunil Narine|Sunil Narine
Sunny Gupta|Sunny Gupta
Sunny Singh|Sunny Singh
Sunny Sohal|Sunny Sohal
Suraj Randiv|Suraj Randiv
Suranga Lakmal|Suranga Lakmal
Suresh Raina|Suresh Raina
Suryakumar Yadav|Suryakumar Yadav
Swapnil Asnodkar|Swapnil Asnodkar
Swapnil Patil|Swapnil Patil
Swapnil Singh|Swapnil Singh
Syed Rasel|Syed Rasel
Sylvester Joseph|Sylvester Joseph
T Natarajan|T Natarajan
TP Sudhindra|TP Sudhindra
Tabarak Dar|Tabarak Dar
Tabraiz Shamsi|Tabraiz Shamsi
Tafadzwa Kamungozi|Tafadzwa Kamungozi
Taijul Islam|Taijul Islam
Tamim Iqbal|Tamim Iqbal
Tanbir Hayder|Tanbir Hayder
Tanmay Mishra|Tanmay Mishra
Tanmay Srivastava|Tanmay Srivastava
Tanveer Sangha|Tanveer Sangha
Tanvir Ahmed|Tanvir Ahmed
Tanwir Afzal|Tanwir Afzal
Tapash Baisya|Tapash Baisya
Tarisai Musakanda|Tarisai Musakanda
Tarun Nethula|Tarun Nethula
Taruwar Kohli|Taruwar Kohli
Taskin Ahmed|Taskin Ahmed
Tatenda Taibu|Tatenda Taibu
Taufeeq Umar|Taufeeq Umar
Taurai Muzarabani|Taurai Muzarabani
Tawanda Mupariwa|Tawanda Mupariwa
Tejas Baroka|Tejas Baroka
Temba Bavuma|Temba Bavuma
Tendai Chatara|Tendai Chatara
Tendai Chisoro|Tendai Chisoro
Terry Duffin|Terry Duffin
Thalaivan Sargunam|Thalaivan Sargunam
Thandi Tshabalala|Thandi Tshabalala
Tharanga Paranavitana|Tharanga Paranavitana
Tharindu Kaushal|Tharindu Kaushal
Theo Doropoulos|Theo Doropoulos
Theunis de Bruyn|Theunis de Bruyn
Thilan Samaraweera|Thilan Samaraweera
Thilan Thushara|Thilan Thushara
Thilina Kandamby|Thilina Kandamby
Thinus Fourie|Thinus Fourie
Thisara Perera|Thisara Perera
Thomas Odoyo|Thomas Odoyo
Thomas Rogers|Thomas Rogers
Tillakaratne Dilshan|Tillakaratne Dilshan
Tim Ambrose|Tim Ambrose
Tim Armstrong|Tim Armstrong
Tim Bresnan|Tim Bresnan
Tim Cruickshank|Tim Cruickshank
Tim David|Tim David
Tim Ludeman|Tim Ludeman
Tim McIntosh|Tim McIntosh
Tim Murtagh|Tim Murtagh
Tim Paine|Tim Paine
Tim Seifert|Tim Seifert
Tim Southee|Tim Southee
Tim de Leede|Tim de Leede
Timm van der Gugten|Timm van der Gugten
Timycen Maruma|Timycen Maruma
Tinashe Panyangara|Tinashe Panyangara
Tino Best|Tino Best
Tino Mawoyo|Tino Mawoyo
Tinotenda Mutombodzi|Tinotenda Mutombodzi
Tirumalasetti Suman|Tirumalasetti Suman
Toby Roland-Jones|Toby Roland-Jones
Todd Astle|Todd Astle
Tom Andrews|Tom Andrews
Tom Banton|Tom Banton
Tom Beaton|Tom Beaton
Tom Blundell|Tom Blundell
Tom Bruce|Tom Bruce
Tom Cooper|Tom Cooper
Tom Curran|Tom Curran
Tom Latham|Tom Latham
Tom O'Connell|Tom O'Connell
Tom Triffitt|Tom Triffitt
Tom Westley|Tom Westley
Tom de Grooth|Tom de Grooth
Travis Birt|Travis Birt
Travis Dean|Travis Dean
Travis Dowlin|Travis Dowlin
Travis Head|Travis Head
Trent Boult|Trent Boult
Trent Copeland|Trent Copeland
Trent Johnston|Trent Johnston
Trent Lawford|Trent Lawford
Trevin Bastiampillai|Trevin Bastiampillai
Tushar Deshpande|Tushar Deshpande
Tymal Mills|Tymal Mills
Tyron Henderson|Tyron Henderson
Udara Jayasundera|Udara Jayasundera
Uday Kaul|Uday Kaul
Udit Birla|Udit Birla
Umar Akmal|Umar Akmal
Umar Amin|Umar Amin
Umar Bhatti|Umar Bhatti
Umar Gul|Umar Gul
Umesh Yadav|Umesh Yadav
Unmukt Chand|Unmukt Chand
Upul Chandana|Upul Chandana
Upul Tharanga|Upul Tharanga
Usman Ghani|Usman Ghani
Usman Khawaja|Usman Khawaja
Usman Limbada|Usman Limbada
Usman Qadir|Usman Qadir
Usman Shinwari|Usman Shinwari
VVS Laxman|VVS Laxman
Varun Aaron|Varun Aaron
Varun Chakravarthy|Varun Chakravarthy
Veer Pratap Singh|Veer Pratap Singh
Veerasammy Permaul|Veerasammy Permaul
Venugopal Rao|Venugopal Rao
Vernon Philander|Vernon Philander
Vidyut Sivaramakrishnan|Vidyut Sivaramakrishnan
Vijay Shankar|Vijay Shankar
Vijay Zol|Vijay Zol
Vikram Singh|Vikram Singh
Vikram Solanki|Vikram Solanki
Vikramjeet Malik|Vikramjeet Malik
Vikrant Yeligati|Vikrant Yeligati
Vikum Sanjaya|Vikum Sanjaya
Vinay Kumar|Vinay Kumar
Virat Kohli|Virat Kohli
Virender Sehwag|Virender Sehwag
Vishnu Vinod|Vishnu Vinod
Vishwa Fernando|Vishwa Fernando
Vriitya Aravind|Vriitya Aravind
Vusi Sibanda|Vusi Sibanda
Wahab Riaz|Wahab Riaz
Waheed Ahmed|Waheed Ahmed
Wanindu Hasaranga|Wanindu Hasaranga
Waqas Maqsood|Waqas Maqsood
Washington Sundar|Washington Sundar
Wasim Jaffer|Wasim Jaffer
Wavell Hinds|Wavell Hinds
Wayne Parnell|Wayne Parnell
Wellington Masakadza|Wellington Masakadza
Wes Agar|Wes Agar
Wesley Barresi|Wesley Barresi
Wiaan Mulder|Wiaan Mulder
Wil Parker|Wil Parker
Wilkin Mota|Wilkin Mota
Will Jacks|Will Jacks
Will Sutherland|Will Sutherland
Will Young|Will Young
William Bosisto|William Bosisto
William Perkins|William Perkins
William Porterfield|William Porterfield
William Sheridan|William Sheridan
William Somerville|William Somerville
Wriddhiman Saha|Wriddhiman Saha
Xavier Bartlett|Xavier Bartlett
Xavier Doherty|Xavier Doherty
Xavier Marshall|Xavier Marshall
Yamin Ahmadzai|Yamin Ahmadzai
Yashasvi Jaiswal|Yashasvi Jaiswal
Yashpal Singh|Yashpal Singh
Yasir Arafat|Yasir Arafat
Yasir Hameed|Yasir Hameed
Yasir Shah|Yasir Shah
Yo Mahesh|Yo Mahesh
Yogesh Nagar|Yogesh Nagar
Yogesh Takawale|Yogesh Takawale
Younis Khan|Younis Khan
Yusuf Abdulla|Yusuf Abdulla
Yusuf Pathan|Yusuf Pathan
Yuvraj Singh|Yuvraj Singh
Yuzvendra Chahal|Yuzvendra Chahal
Zafar Ansari|Zafar Ansari
Zafar Gohar|Zafar Gohar
Zaheer Khan|Zaheer Khan
Zahir Khan|Zahir Khan
Zahoor Khan|Zahoor Khan
Zak Crawley|Zak Crawley
Zak Evans|Zak Evans
Zawar Farid|Zawar Farid
Ziaur Rahman|Ziaur Rahman
Zubayr Hamza|Zubayr Hamza
Zubin Surkari|Zubin Surkari
Zulfiqar Babar|Zulfiqar Babar
Zulqarnain Haider|Zulqarnain Haider
